{
	"parent": "stellarity:events/root",
	"criteria": {
		"eat_crystal_heartfish": {
			"trigger": "minecraft:consume_item",
			"conditions": {
				"player": [
					{
						"condition": "minecraft:inverted",
						"term": {
							"condition": "minecraft:entity_scores",
							"entity": "this",
							"scores": {
								"stellarity.items.fish.crystal_heartfish.total_consumed": 10
							}
						}
					}
				],
				"item": {
					"items": [
						"minecraft:cooked_cod"
					],
					"predicates": {
						"minecraft:custom_data": "{stellarity.special_item:\"crystal_heartfish\"}"
					}
				}
			}
		}
	},
	"requirements": [
		[
			"eat_crystal_heartfish"
		]
	],
	"rewards": {
		"function": "stellarity:items/food/fish/crystal_heartfish/eat"
	}
}
