{
	"type": "minecraft:max",
	"argument1": {
		"type": "minecraft:min",
		"argument1": {
			"type": "minecraft:squeeze",
			"argument": {
				"type": "minecraft:mul",
				"argument1": 0.64,
				"argument2": {
					"type": "minecraft:interpolated",
					"argument": {
						"type": "minecraft:blend_density",
						"argument": {
							"type": "minecraft:add",
							"argument1": {
								"type": "minecraft:mul",
								"argument1": {
									"type": "minecraft:y_clamped_gradient",
									"from_y": 4,
									"to_y": 32,
									"from_value": 0,
									"to_value": 1
								},
								"argument2": {
									"type": "minecraft:add",
									"argument1": {
										"type": "minecraft:add",
										"argument1": {
											"type": "minecraft:mul",
											"argument1": {
												"type": "minecraft:y_clamped_gradient",
												"from_y": 256,
												"to_y": 300,
												"from_value": 1,
												"to_value": 0
											},
											"argument2": {
												"type": "minecraft:add",
												"argument1": {
													"type": "minecraft:range_choice",
													"input": "nullscape:sloped_cheese",
													"min_inclusive": -1000000,
													"max_exclusive": 1.5625,
													"when_in_range": "nullscape:sloped_cheese",
													"when_out_of_range": "nullscape:sloped_cheese"
												},
												"argument2": 10
											}
										},
										"argument2": -10
									},
									"argument2": 0.234375
								}
							},
							"argument2": -0.234375
						}
					}
				}
			}
		},
		"argument2": {
			"type": "minecraft:min",
			"argument1": "nullscape:porosity/cheese",
			"argument2": {
				"type": "minecraft:min",
				"argument1": "nullscape:brittleness/shatter",
				"argument2": {
					"type": "minecraft:interpolated",
					"argument": "nullscape:void/void_gauntlet"
				}
			}
		}
	},
	"argument2": {
		"type": "minecraft:mul",
		"argument1": {
			"type": "minecraft:y_clamped_gradient",
			"from_y": 40,
			"to_y": 60,
			"from_value": 1,
			"to_value": 0
		},
		"argument2": "nullscape:island/island"
	}
}
