{
	"description": {
		"translate": "stellarity.items.trinkets.void_locket.enchantment.diamond",
		"fallback": "Furor",
		"color": "aqua"
	},
	"supported_items": [
		"minecraft:iron_nugget"
	],
	"weight": 1,
	"max_level": 1,
	"min_cost": {
		"base": 0,
		"per_level_above_first": 0
	},
	"max_cost": {
		"base": 0,
		"per_level_above_first": 0
	},
	"anvil_cost": 0,
	"slots": [
		"hand"
	],
	"effects": {
		"minecraft:attributes": [
			{
				"id": "stellarity:void_locket.attack_speed",
				"attribute": "minecraft:generic.attack_speed",
				"amount": 0.06,
				"operation": "add_multiplied_total"
			}
		]
	}
}
