{
	"description": {
		"translate": "stellarity.items.trinkets.void_locket.enchantment.iron",
		"fallback": "Fortitude",
		"color": "white"
	},
	"supported_items": [
		"minecraft:iron_nugget"
	],
	"weight": 1,
	"max_level": 1,
	"min_cost": {
		"base": 0,
		"per_level_above_first": 0
	},
	"max_cost": {
		"base": 0,
		"per_level_above_first": 0
	},
	"anvil_cost": 0,
	"slots": [
		"hand"
	],
	"effects": {
		"minecraft:damage_protection": [
			{
				"effect": {
					"type": "minecraft:add",
					"value": 1.75
				}
			}
		]
	}
}
