{
	"type": "minecraft:block",
	"pools": [
		{
			"rolls": 1,
			"bonus_rolls": 0,
			"entries": [
				{
					"type": "minecraft:item",
					"name": "minecraft:blackstone"
				}
			],
			"conditions": [
				{
					"condition": "minecraft:survives_explosion"
				}
			]
		},
		{
			"rolls": 1,
			"entries": [
				{
					"type": "minecraft:empty",
					"weight": 115
				},
				{
					"type": "minecraft:item",
					"name": "minecraft:gold_nugget",
					"weight": 3,
					"quality": 1,
					"functions": [
						{
							"function": "minecraft:set_count",
							"count": {
								"min": 1,
								"max": 3
							}
						}
					]
				},
				{
					"type": "minecraft:item",
					"name": "minecraft:gunpowder",
					"weight": 6
				},
				{
					"type": "minecraft:item",
					"name": "minecraft:magma_cream",
					"quality": 1
				}
			],
			"conditions": [
				{
					"condition": "minecraft:match_tool",
					"predicate": {
						"components": {
							"minecraft:custom_data": "{stellarity.special_item:\"hematic_pickaxe\"}"
						}
					}
				}
			]
		}
	],
	"random_sequence": "minecraft:blocks/blackstone"
}
