{
	"parent": "stellarity:events/root",
	"criteria": {
		"requirement": {
			"trigger": "minecraft:player_killed_entity",
			"conditions": {
				"player": [
					{
						"condition": "minecraft:entity_properties",
						"entity": "this",
						"predicate": {
							"equipment": {
								"mainhand": {
									"items": [
										"minecraft:netherite_sword"
									],
									"predicates": {
										"minecraft:custom_data": "{stellarity.special_item:\"stellar_striker\"}"
									}
								}
							}
						}
					},
					{
						"condition": "minecraft:inverted",
						"term": {
							"condition": "minecraft:value_check",
							"value": {
								"type": "minecraft:score",
								"target": "this",
								"score": "stellarity.items.stellar_striker.cooldown"
							},
							"range": {
								"min": 1
							}
						}
					}
				],
				"entity": [
					{
						"condition": "minecraft:inverted",
						"term": {
							"condition": "minecraft:entity_properties",
							"entity": "this",
							"predicate": {
								"type": "#kohara:invalid_targets"
							}
						}
					}
				]
			}
		}
	},
	"rewards": {
		"function": "stellarity:items/stellar_striker/kill"
	}
}
