{
"name": "minecraft:stronghold/stronghold_chest",
  "elements": [
    {
      "element": {
        "element_type": "minecraft:single_pool_element",
        "location": "minecraft:stronghold/chest/stronghold_jail_cell_chest",
        "processors": "minecraft:stronghold_generic_degradation",
        "projection": "rigid"
      },
      "weight": 1
    },
	{
      "element": {
        "element_type": "minecraft:single_pool_element",
        "location": "minecraft:stronghold/chest/stronghold_jail_cell_chest_candle",
        "processors": "minecraft:stronghold_generic_degradation",
        "projection": "rigid"
      },
      "weight": 2
    },
	{
      "element": {
        "element_type": "minecraft:single_pool_element",
        "location": "minecraft:stronghold/chest/stronghold_jail_cell_chest_fail",
        "processors": "minecraft:stronghold_generic_degradation",
        "projection": "rigid"
      },
      "weight": 4
    },
	{
      "element": {
        "element_type": "minecraft:single_pool_element",
        "location": "minecraft:stronghold/chest/stronghold_generic_chest",
        "processors": "minecraft:stronghold_generic_degradation",
        "projection": "rigid"
      },
      "weight": 1
    },
	{
      "element": {
        "element_type": "minecraft:single_pool_element",
        "location": "minecraft:stronghold/chest/stronghold_generic_chest2",
        "processors": "minecraft:stronghold_generic_degradation",
        "projection": "rigid"
      },
      "weight": 1
    },
	{
      "element": {
        "element_type": "minecraft:single_pool_element",
        "location": "minecraft:stronghold/chest/stronghold_surface_chest",
        "processors": "minecraft:stronghold_surface_degradation",
        "projection": "rigid"
      },
      "weight": 1
    },
	{
      "element": {
        "element_type": "minecraft:single_pool_element",
        "location": "minecraft:stronghold/chest/stronghold_nether_chest",
        "processors": "minecraft:stronghold_nether_degradation",
        "projection": "rigid"
      },
      "weight": 1
    },
	{
      "element": {
        "element_type": "minecraft:single_pool_element",
        "location": "minecraft:stronghold/chest/stronghold_library_chest",
        "processors": "minecraft:stronghold_sewer_degradation",
        "projection": "rigid"
      },
      "weight": 1
    },
	{
      "element": {
        "element_type": "minecraft:single_pool_element",
        "location": "minecraft:stronghold/chest/stronghold_sewer_chest",
        "processors": "minecraft:stronghold_sewer_degradation",
        "projection": "rigid"
      },
      "weight": 1
    },
	{
      "element": {
        "element_type": "minecraft:single_pool_element",
        "location": "minecraft:stronghold/chest/stronghold_jail_chest",
        "processors": "minecraft:stronghold_generic_degradation",
        "projection": "rigid"
      },
      "weight": 1
    },
	{
      "element": {
        "element_type": "minecraft:single_pool_element",
        "location": "minecraft:stronghold/chest/stronghold_generic_hallway_chest",
        "processors": "minecraft:stronghold_generic_degradation",
        "projection": "rigid"
      },
      "weight": 1
    },
	{
      "element": {
        "element_type": "minecraft:single_pool_element",
        "location": "minecraft:stronghold/chest/stronghold_surface_hallway_chest",
        "processors": "minecraft:stronghold_generic_degradation",
        "projection": "rigid"
      },
      "weight": 1
    },
	{
      "element": {
        "element_type": "minecraft:single_pool_element",
        "location": "minecraft:stronghold/chest/stronghold_nether_hallway_chest",
        "processors": "minecraft:stronghold_nether_degradation",
        "projection": "rigid"
      },
      "weight": 1
    },
	{
      "element": {
        "element_type": "minecraft:single_pool_element",
        "location": "minecraft:stronghold/chest/stronghold_library_hallway_chest",
        "processors": "minecraft:stronghold_library_degradation",
        "projection": "rigid"
      },
      "weight": 1
    },
	{
      "element": {
        "element_type": "minecraft:single_pool_element",
        "location": "minecraft:stronghold/chest/stronghold_sewer_hallway_chest",
        "processors": "minecraft:stronghold_sewer_degradation",
        "projection": "rigid"
      },
      "weight": 1
    },
	{
      "element": {
        "element_type": "minecraft:single_pool_element",
        "location": "minecraft:stronghold/chest/stronghold_jail_hallway_chest",
        "processors": "minecraft:stronghold_generic_degradation",
        "projection": "rigid"
      },
      "weight": 1
    },
	{
      "element": {
        "element_type": "minecraft:single_pool_element",
        "location": "minecraft:stronghold/chest/stronghold_nether_chest2",
        "processors": "minecraft:stronghold_nether_degradation",
        "projection": "rigid"
      },
      "weight": 1
    },
	{
      "element": {
        "element_type": "minecraft:single_pool_element",
        "location": "minecraft:stronghold/chest/stronghold_library_chest2",
        "processors": "minecraft:stronghold_sewer_degradation",
        "projection": "rigid"
      },
      "weight": 1
    },
	{
      "element": {
        "element_type": "minecraft:single_pool_element",
        "location": "minecraft:stronghold/chest/stronghold_sewer_chest2",
        "processors": "minecraft:stronghold_sewer_degradation",
        "projection": "rigid"
      },
      "weight": 1
    },
	{
      "element": {
        "element_type": "minecraft:single_pool_element",
        "location": "minecraft:stronghold/chest/stronghold_jail_chest2",
        "processors": "minecraft:stronghold_generic_degradation",
        "projection": "rigid"
      },
      "weight": 1
    },
	{
      "element": {
        "element_type": "minecraft:single_pool_element",
        "location": "minecraft:stronghold/chest/stronghold_generic_hallway_chest2",
        "processors": "minecraft:stronghold_generic_degradation",
        "projection": "rigid"
      },
      "weight": 1
    },
	{
      "element": {
        "element_type": "minecraft:single_pool_element",
        "location": "minecraft:stronghold/chest/stronghold_nether_hallway_chest2",
        "processors": "minecraft:stronghold_nether_degradation",
        "projection": "rigid"
      },
      "weight": 1
    },
	{
      "element": {
        "element_type": "minecraft:single_pool_element",
        "location": "minecraft:stronghold/chest/stronghold_library_hallway_chest2",
        "processors": "minecraft:stronghold_library_degradation",
        "projection": "rigid"
      },
      "weight": 1
    },
	{
      "element": {
        "element_type": "minecraft:single_pool_element",
        "location": "minecraft:stronghold/chest/stronghold_sewer_hallway_chest2",
        "processors": "minecraft:stronghold_sewer_degradation",
        "projection": "rigid"
      },
      "weight": 1
    },
	{
      "element": {
        "element_type": "minecraft:single_pool_element",
        "location": "minecraft:stronghold/chest/stronghold_jail_hallway_chest2",
        "processors": "minecraft:stronghold_generic_degradation",
        "projection": "rigid"
      },
      "weight": 1
    },
	{
      "element": {
        "element_type": "minecraft:single_pool_element",
        "location": "minecraft:stronghold/chest/stronghold_generic_chest_fail",
        "processors": "minecraft:stronghold_generic_degradation",
        "projection": "rigid"
      },
      "weight": 1
    },
	{
      "element": {
        "element_type": "minecraft:single_pool_element",
        "location": "minecraft:stronghold/chest/stronghold_surface_chest_fail",
        "processors": "minecraft:stronghold_surface_degradation",
        "projection": "rigid"
      },
      "weight": 1
    },
	{
      "element": {
        "element_type": "minecraft:single_pool_element",
        "location": "minecraft:stronghold/chest/stronghold_nether_chest_fail",
        "processors": "minecraft:stronghold_nether_degradation",
        "projection": "rigid"
      },
      "weight": 1
    },
	{
      "element": {
        "element_type": "minecraft:single_pool_element",
        "location": "minecraft:stronghold/chest/stronghold_library_chest_fail",
        "processors": "minecraft:stronghold_sewer_degradation",
        "projection": "rigid"
      },
      "weight": 1
    },
	{
      "element": {
        "element_type": "minecraft:single_pool_element",
        "location": "minecraft:stronghold/chest/stronghold_sewer_chest_fail",
        "processors": "minecraft:stronghold_sewer_degradation",
        "projection": "rigid"
      },
      "weight": 1
    },
	{
      "element": {
        "element_type": "minecraft:single_pool_element",
        "location": "minecraft:stronghold/chest/stronghold_jail_chest_fail",
        "processors": "minecraft:stronghold_generic_degradation",
        "projection": "rigid"
      },
      "weight": 1
    },
	{
      "element": {
        "element_type": "minecraft:single_pool_element",
        "location": "minecraft:stronghold/chest/stronghold_generic_hallway_chest_fail",
        "processors": "minecraft:stronghold_generic_degradation",
        "projection": "rigid"
      },
      "weight": 4
    },
	{
      "element": {
        "element_type": "minecraft:single_pool_element",
        "location": "minecraft:stronghold/chest/stronghold_surface_hallway_chest_fail",
        "processors": "minecraft:stronghold_surface_degradation",
        "projection": "rigid"
      },
      "weight": 4
    },
	{
      "element": {
        "element_type": "minecraft:single_pool_element",
        "location": "minecraft:stronghold/chest/stronghold_nether_hallway_chest_fail",
        "processors": "minecraft:stronghold_nether_degradation",
        "projection": "rigid"
      },
      "weight": 4
    },
	{
      "element": {
        "element_type": "minecraft:single_pool_element",
        "location": "minecraft:stronghold/chest/stronghold_library_hallway_chest_fail",
        "processors": "minecraft:stronghold_sewer_degradation",
        "projection": "rigid"
      },
      "weight": 4
    },
	{
      "element": {
        "element_type": "minecraft:single_pool_element",
        "location": "minecraft:stronghold/chest/stronghold_sewer_hallway_chest_fail",
        "processors": "minecraft:stronghold_sewer_degradation",
        "projection": "rigid"
      },
      "weight": 4
    },
	{
      "element": {
        "element_type": "minecraft:single_pool_element",
        "location": "minecraft:stronghold/chest/stronghold_jail_hallway_chest_fail",
        "processors": "minecraft:stronghold_generic_degradation",
        "projection": "rigid"
      },
      "weight": 4
    },
	{
      "element": {
        "element_type": "minecraft:single_pool_element",
        "location": "minecraft:stronghold/chest/stronghold_library_bookshelf1",
        "processors": "minecraft:stronghold_library_degradation",
        "projection": "rigid"
      },
      "weight": 2
    },
	{
      "element": {
        "element_type": "minecraft:single_pool_element",
        "location": "minecraft:stronghold/chest/stronghold_library_bookshelf2",
        "processors": "minecraft:stronghold_library_degradation",
        "projection": "rigid"
      },
      "weight": 4
    },
	{
      "element": {
        "element_type": "minecraft:single_pool_element",
        "location": "minecraft:stronghold/chest/stronghold_library_bookshelf3",
        "processors": "minecraft:stronghold_library_degradation",
        "projection": "rigid"
      },
      "weight": 6
    },
	{
      "element": {
        "element_type": "minecraft:single_pool_element",
        "location": "minecraft:stronghold/chest/stronghold_library_bookshelf4",
        "processors": "minecraft:stronghold_library_degradation",
        "projection": "rigid"
      },
      "weight": 1
    },
	{
      "element": {
        "element_type": "minecraft:single_pool_element",
        "location": "minecraft:stronghold/chest/stronghold_library_bookshelf5",
        "processors": "minecraft:stronghold_library_degradation",
        "projection": "rigid"
      },
      "weight": 1
    },
	{
      "element": {
        "element_type": "minecraft:single_pool_element",
        "location": "minecraft:stronghold/chest/stronghold_library_bookshelf6",
        "processors": "minecraft:stronghold_library_degradation",
        "projection": "rigid"
      },
      "weight": 1
    },
	{
      "element": {
        "element_type": "minecraft:single_pool_element",
        "location": "minecraft:stronghold/chest/stronghold_library_bookshelf7",
        "processors": "minecraft:stronghold_library_degradation",
        "projection": "rigid"
      },
      "weight": 1
    },
	{
      "element": {
        "element_type": "minecraft:single_pool_element",
        "location": "minecraft:stronghold/chest/stronghold_library_bookshelf8",
        "processors": "minecraft:stronghold_library_degradation",
        "projection": "rigid"
      },
      "weight": 1
    },
	{
      "element": {
        "element_type": "minecraft:single_pool_element",
        "location": "minecraft:stronghold/chest/stronghold_library_bookshelf9",
        "processors": "minecraft:stronghold_library_degradation",
        "projection": "rigid"
      },
      "weight": 1
    },
	{
      "element": {
        "element_type": "minecraft:single_pool_element",
        "location": "minecraft:stronghold/chest/stronghold_library_bookshelf10",
        "processors": "minecraft:stronghold_library_degradation",
        "projection": "rigid"
      },
      "weight": 1
    },
	{
      "element": {
        "element_type": "minecraft:single_pool_element",
        "location": "minecraft:stronghold/chest/stronghold_library_bookshelf11",
        "processors": "minecraft:stronghold_library_degradation",
        "projection": "rigid"
      },
      "weight": 1
    },
	{
      "element": {
        "element_type": "minecraft:single_pool_element",
        "location": "minecraft:stronghold/chest/stronghold_library_bookshelf12",
        "processors": "minecraft:stronghold_library_degradation",
        "projection": "rigid"
      },
      "weight": 1
    },
	{
      "element": {
        "element_type": "minecraft:single_pool_element",
        "location": "minecraft:stronghold/chest/stronghold_library_bookshelf13",
        "processors": "minecraft:stronghold_library_degradation",
        "projection": "rigid"
      },
      "weight": 1
    },
	{
      "element": {
        "element_type": "minecraft:single_pool_element",
        "location": "minecraft:stronghold/chest/stronghold_library_bookshelf14",
        "processors": "minecraft:stronghold_library_degradation",
        "projection": "rigid"
      },
      "weight": 1
    },
	{
      "element": {
        "element_type": "minecraft:single_pool_element",
        "location": "minecraft:stronghold/chest/stronghold_library_bookshelf15",
        "processors": "minecraft:stronghold_library_degradation",
        "projection": "rigid"
      },
      "weight": 1
    },
	{
      "element": {
        "element_type": "minecraft:single_pool_element",
        "location": "minecraft:stronghold/chest/stronghold_library_bookshelf16",
        "processors": "minecraft:stronghold_library_degradation",
        "projection": "rigid"
      },
      "weight": 1
    },
	{
      "element": {
        "element_type": "minecraft:single_pool_element",
        "location": "minecraft:stronghold/chest/stronghold_library_bookshelf17",
        "processors": "minecraft:stronghold_library_degradation",
        "projection": "rigid"
      },
      "weight": 1
    },
	{
      "element": {
        "element_type": "minecraft:single_pool_element",
        "location": "minecraft:stronghold/chest/stronghold_library_bookshelf18",
        "processors": "minecraft:stronghold_library_degradation",
        "projection": "rigid"
      },
      "weight": 1
    },
	{
      "element": {
        "element_type": "minecraft:single_pool_element",
        "location": "minecraft:stronghold/chest/stronghold_library_bookshelf19",
        "processors": "minecraft:stronghold_library_degradation",
        "projection": "rigid"
      },
      "weight": 1
    },
	{
      "element": {
        "element_type": "minecraft:single_pool_element",
        "location": "minecraft:stronghold/chest/stronghold_library_bookshelf20",
        "processors": "minecraft:stronghold_library_degradation",
        "projection": "rigid"
      },
      "weight": 1
    },
	{
      "element": {
        "element_type": "minecraft:single_pool_element",
        "location": "minecraft:stronghold/chest/stronghold_library_bookshelf21",
        "processors": "minecraft:stronghold_library_degradation",
        "projection": "rigid"
      },
      "weight": 1
    },
	{
      "element": {
        "element_type": "minecraft:single_pool_element",
        "location": "minecraft:stronghold/chest/stronghold_library_bookshelf22",
        "processors": "minecraft:stronghold_library_degradation",
        "projection": "rigid"
      },
      "weight": 1
    },
	{
      "element": {
        "element_type": "minecraft:single_pool_element",
        "location": "minecraft:stronghold/chest/stronghold_library_bookshelf23",
        "processors": "minecraft:stronghold_library_degradation",
        "projection": "rigid"
      },
      "weight": 1
    },
	{
      "element": {
        "element_type": "minecraft:single_pool_element",
        "location": "minecraft:stronghold/chest/stronghold_library_bookshelf24",
        "processors": "minecraft:stronghold_library_degradation",
        "projection": "rigid"
      },
      "weight": 1
    },
	{
      "element": {
        "element_type": "minecraft:single_pool_element",
        "location": "minecraft:stronghold/chest/stronghold_library_bookshelf25",
        "processors": "minecraft:stronghold_library_degradation",
        "projection": "rigid"
      },
      "weight": 1
    },
	{
      "element": {
        "element_type": "minecraft:single_pool_element",
        "location": "minecraft:stronghold/chest/stronghold_library_bookshelf26",
        "processors": "minecraft:stronghold_library_degradation",
        "projection": "rigid"
      },
      "weight": 1
    },
	{
      "element": {
        "element_type": "minecraft:single_pool_element",
        "location": "minecraft:stronghold/chest/stronghold_library_bookshelf27",
        "processors": "minecraft:stronghold_library_degradation",
        "projection": "rigid"
      },
      "weight": 1
    },
	{
      "element": {
        "element_type": "minecraft:single_pool_element",
        "location": "minecraft:stronghold/chest/stronghold_library_bookshelf28",
        "processors": "minecraft:stronghold_library_degradation",
        "projection": "rigid"
      },
      "weight": 1
    },
	{
      "element": {
        "element_type": "minecraft:single_pool_element",
        "location": "minecraft:stronghold/chest/stronghold_library_bookshelf29",
        "processors": "minecraft:stronghold_library_degradation",
        "projection": "rigid"
      },
      "weight": 1
    },
	{
      "element": {
        "element_type": "minecraft:single_pool_element",
        "location": "minecraft:stronghold/chest/stronghold_library_bookshelf30",
        "processors": "minecraft:stronghold_library_degradation",
        "projection": "rigid"
      },
      "weight": 1
    },
	{
      "element": {
        "element_type": "minecraft:single_pool_element",
        "location": "minecraft:stronghold/chest/stronghold_library_bookshelf31",
        "processors": "minecraft:stronghold_library_degradation",
        "projection": "rigid"
      },
      "weight": 1
    },
	{
      "element": {
        "element_type": "minecraft:single_pool_element",
        "location": "minecraft:stronghold/chest/stronghold_library_bookshelf32",
        "processors": "minecraft:stronghold_library_degradation",
        "projection": "rigid"
      },
      "weight": 1
    },
	{
      "element": {
        "element_type": "minecraft:single_pool_element",
        "location": "minecraft:stronghold/chest/stronghold_library_bookshelf33",
        "processors": "minecraft:stronghold_library_degradation",
        "projection": "rigid"
      },
      "weight": 1
    },
	{
      "element": {
        "element_type": "minecraft:single_pool_element",
        "location": "minecraft:stronghold/chest/stronghold_library_bookshelf34",
        "processors": "minecraft:stronghold_library_degradation",
        "projection": "rigid"
      },
      "weight": 1
    },
	{
      "element": {
        "element_type": "minecraft:single_pool_element",
        "location": "minecraft:stronghold/chest/stronghold_library_bookshelf35",
        "processors": "minecraft:stronghold_library_degradation",
        "projection": "rigid"
      },
      "weight": 1
    },
	{
      "element": {
        "element_type": "minecraft:single_pool_element",
        "location": "minecraft:stronghold/chest/stronghold_library_bookshelf36",
        "processors": "minecraft:stronghold_library_degradation",
        "projection": "rigid"
      },
      "weight": 1
    },
	{
      "element": {
        "element_type": "minecraft:single_pool_element",
        "location": "minecraft:stronghold/chest/silverfish_spawner",
        "processors": "minecraft:stronghold_generic_degradation",
        "projection": "rigid"
      },
      "weight": 1
    }
  ],
  "fallback": "minecraft:empty"
}