{
	"display": {
		"icon": {
			"id": "minecraft:light_blue_shulker_box"
		},
		"title": {
			"translate": "stellarity.advancements.color_a_shulker_box",
			"fallback": "Organizational Wizard"
		},
		"description": {
			"translate": "stellarity.advancements.color_a_shulker_box.description",
			"fallback": "Color a Shulker Box any color you want"
		},
		"frame": "task",
		"show_toast": true,
		"announce_to_chat": true
	},
	"parent": "stellarity:end_city/portable_storage",
	"criteria": {
		"color_shulker_box": {
			"trigger": "minecraft:inventory_changed",
			"conditions": {
				"items": [
					{
						"items": "#kohara:colored_shulker_boxes"
					}
				]
			}
		}
	},
	"requirements": [
		[
			"color_shulker_box"
		]
	]
}
